<odoo>
  
  <!-- Event -->
  <record id="asterisk_event_settings" model="ir.model.access">
    <field name="name">asterisk_event_settings</field>
    <field name="model_id" ref="asterisk_plus.model_asterisk_plus_event"/>
    <field name="group_id" ref="asterisk_plus.group_asterisk_admin"/>
    <field name="perm_read" eval="1"/>
    <field name="perm_write" eval="1"/>
    <field name="perm_create" eval="1"/>
    <field name="perm_unlink" eval="1"/>
  </record>

  <!-- Settings -->
  <record id="asterisk_settings" model="ir.model.access">
    <field name="name">asterisk_settings</field>
    <field name="model_id" ref="asterisk_plus.model_asterisk_plus_settings"/>
    <field name="group_id" ref="asterisk_plus.group_asterisk_admin"/>
    <field name="perm_read" eval="1"/>
    <field name="perm_write" eval="1"/>
    <field name="perm_create" eval="1"/>
    <field name="perm_unlink" eval="1"/>
  </record>

  <!-- Channel -->
  <record id="asterisk_plus_channel_admin_access" model="ir.model.access">
    <field name="name">asterisk_plus_channel_admin</field>
    <field name="model_id" ref="asterisk_plus.model_asterisk_plus_channel"/>
    <field name="group_id" ref="asterisk_plus.group_asterisk_admin"/>
    <field name="perm_read" eval="1"/>
    <field name="perm_write" eval="1"/>
    <field name="perm_create" eval="1"/>
    <field name="perm_unlink" eval="1"/>
  </record>

  <!-- Channel Data -->
  <record id="asterisk_plus_channel_data_admin_access" model="ir.model.access">
    <field name="name">asterisk_plus_channel_data_admin</field>
    <field name="model_id" ref="asterisk_plus.model_asterisk_plus_channel_data"/>
    <field name="group_id" ref="asterisk_plus.group_asterisk_admin"/>
    <field name="perm_read" eval="1"/>
    <field name="perm_write" eval="1"/>
    <field name="perm_create" eval="1"/>
    <field name="perm_unlink" eval="1"/>
  </record>

  <!-- Call -->
  <record id="asterisk_plus_call_admin_access" model="ir.model.access">
    <field name="name">asterisk_plus_call_admin</field>
    <field name="model_id" ref="asterisk_plus.model_asterisk_plus_call"/>
    <field name="group_id" ref="asterisk_plus.group_asterisk_admin"/>
    <field name="perm_read" eval="1"/>
    <field name="perm_write" eval="1"/>
    <field name="perm_create" eval="1"/>
    <field name="perm_unlink" eval="1"/>
  </record>

  <!-- Call Events -->
  <record id="asterisk_plus_call_event_admin_access" model="ir.model.access">
    <field name="name">asterisk_plus_call_event_admin</field>
    <field name="model_id" ref="asterisk_plus.model_asterisk_plus_call_event"/>
    <field name="group_id" ref="asterisk_plus.group_asterisk_admin"/>
    <field name="perm_read" eval="1"/>
    <field name="perm_write" eval="0"/>
    <field name="perm_create" eval="0"/>
    <field name="perm_unlink" eval="0"/>
  </record>

  <!-- Recording -->
  <record id="asterisk_plus_recording_admin_access" model="ir.model.access">
    <field name="name">asterisk_plus_recording_admin</field>
    <field name="model_id" ref="asterisk_plus.model_asterisk_plus_recording"/>
    <field name="group_id" ref="asterisk_plus.group_asterisk_admin"/>
    <field name="perm_read" eval="1"/>
    <field name="perm_write" eval="1"/>
    <field name="perm_create" eval="1"/>
    <field name="perm_unlink" eval="1"/>
  </record>

  <!-- Transcription Rules -->
  <record id="asterisk_plus_transcription_rule_admin_access" model="ir.model.access">
    <field name="name">asterisk_plus_transcription_rule_admin_access</field>
    <field name="model_id" ref="asterisk_plus.model_asterisk_plus_transcription_rule"/>
    <field name="group_id" ref="asterisk_plus.group_asterisk_admin"/>
    <field name="perm_read" eval="1"/>
    <field name="perm_write" eval="1"/>
    <field name="perm_create" eval="1"/>
    <field name="perm_unlink" eval="1"/>
  </record>

  <!-- Server -->
  <record id="asterisk_server_settings" model="ir.model.access">
    <field name="name">asterisk_server_settings</field>
    <field name="model_id" ref="asterisk_plus.model_asterisk_plus_server"/>
    <field name="group_id" ref="asterisk_plus.group_asterisk_admin"/>
    <field name="perm_read" eval="1"/>
    <field name="perm_write" eval="1"/>
    <field name="perm_create" eval="1"/>
    <field name="perm_unlink" eval="1"/>
  </record>

  <!-- PbxUser Channel -->
  <record id="asterisk_plus_user_channel_admin_access" model="ir.model.access">
    <field name="name">asterisk_plus_user_channel_admin</field>
    <field name="model_id" ref="asterisk_plus.model_asterisk_plus_user_channel"/>
    <field name="group_id" ref="asterisk_plus.group_asterisk_admin"/>
    <field name="perm_read" eval="1"/>
    <field name="perm_write" eval="1"/>
    <field name="perm_create" eval="1"/>
    <field name="perm_unlink" eval="1"/>
  </record>

<!-- PbxUser -->
<record id="asterisk_plus_user_admin_access" model="ir.model.access">
    <field name="name">asterisk_plus_user_admin</field>
    <field name="model_id" ref="asterisk_plus.model_asterisk_plus_user"/>
    <field name="group_id" ref="asterisk_plus.group_asterisk_admin"/>
    <field name="perm_read" eval="1"/>
    <field name="perm_write" eval="1"/>
    <field name="perm_create" eval="1"/>
    <field name="perm_unlink" eval="1"/>
</record>

  <record id="asterisk_plus_set_notes_wizard_admin_access" model="ir.model.access">
    <field name="name">asterisk_plus_set_notes_wizard_admin</field>
    <field name="model_id" ref="asterisk_plus.model_asterisk_plus_set_notes_wizard"/>
    <field name="group_id" ref="asterisk_plus.group_asterisk_admin"/>
    <field name="perm_read" eval="1"/>
    <field name="perm_write" eval="1"/>
    <field name="perm_create" eval="1"/>
    <field name="perm_unlink" eval="1"/>
  </record>

  <record id="asterisk_plus_set_channel_transport_wizard_admin_access" model="ir.model.access">
    <field name="name">asterisk_plus_set_channel_transport_wizard_admin</field>
    <field name="model_id" ref="asterisk_plus.model_asterisk_plus_set_channel_transport_wizard"/>
    <field name="group_id" ref="asterisk_plus.group_asterisk_admin"/>
    <field name="perm_read" eval="1"/>
    <field name="perm_write" eval="1"/>
    <field name="perm_create" eval="1"/>
    <field name="perm_unlink" eval="1"/>
  </record>

  <record id="asterisk_plus_call_wizard_admin_access" model="ir.model.access">
    <field name="name">asterisk_plus_call_wizard_admin</field>
    <field name="model_id" ref="model_asterisk_plus_call_wizard"/>
    <field name="group_id" ref="asterisk_plus.group_asterisk_admin"/>
    <field name="perm_read" eval="1"/>
    <field name="perm_write" eval="1"/>
    <field name="perm_create" eval="1"/>
    <field name="perm_unlink" eval="1"/>
  </record>

  <!-- Tags -->
  <record id="asterisk_plus_tag_admin_access" model="ir.model.access">
    <field name="name">asterisk_plus_tag_admin</field>
    <field name="model_id" ref="model_asterisk_plus_tag"/>
    <field name="group_id" ref="asterisk_plus.group_asterisk_admin"/>
    <field name="perm_read" eval="1"/>
    <field name="perm_write" eval="1"/>
    <field name="perm_create" eval="1"/>
    <field name="perm_unlink" eval="1"/>
  </record>

  <!-- Debug Message  -->
  <record id="asterisk_plus_debug_message_admin_access" model="ir.model.access">
    <field name="name">asterisk_plus_debug_message_admin</field>
    <field name="model_id" ref="asterisk_plus.model_asterisk_plus_debug"/>
    <field name="group_id" ref="asterisk_plus.group_asterisk_admin"/>
    <field name="perm_read" eval="1"/>
    <field name="perm_write" eval="1"/>
    <field name="perm_create" eval="1"/>
    <field name="perm_unlink" eval="1"/>
  </record>

  <record id="agent_options_asterisk_admin_access" model="ir.model.access">
    <field name="name">agent_options.asterisk_admin.access</field>
    <field name="model_id" ref="model_asterisk_plus_agent_options"/>
    <field name="group_id" ref="asterisk_plus.group_asterisk_admin"/>
    <field name="perm_read" eval="True"/>
    <field name="perm_write" eval="True"/>
    <field name="perm_create" eval="True"/>
    <field name="perm_unlink" eval="True"/>
</record>

</odoo>
